strategy,total_points,annual_points,total_return,cagr,annual_volatility,sharpe,sortino,calmar,max_drawdown,var_95_daily,cvar_95_daily,trades,trade_win_rate,avg_trade_return,avg_trade_points,exposure,score
Baseline Ito,132.15402,57.917935721739134,5.14097911593625,1.2154079250847363,0.4011388432253822,2.1849519778362754,2.6111793061673856,3.7861989145672825,-0.3210100558659219,-0.03699484811989828,-0.05784681399528286,19.0,0.42105263157894735,0.22840308406961465,6.9554747368421035,0.64,3.563893237223408
Optimized Ito,132.15402,57.917935721739134,5.14097911593625,1.2154079250847363,0.4011388432253822,2.1849519778362754,2.6111793061673856,3.7861989145672825,-0.3210100558659219,-0.03699484811989828,-0.05784681399528286,19.0,0.42105263157894735,0.22840308406961465,6.9554747368421035,0.64,3.563893237223408
Baseline MACD,137.50183499999997,60.26167377391303,3.4016389188402547,0.9145689542889228,0.3276377402351781,2.1467505674851015,2.473492845335294,3.429076505349643,-0.2667099882029811,-0.02394919676821027,-0.0450012557383992,26.0,0.38461538461538464,0.0715082601137829,5.288532115384613,0.5495652173913044,3.358387309947779
Optimized MACD,160.8625,70.49973913043479,4.09085511401926,1.0406039504311506,0.32362795719360277,2.366507844568665,2.818915100824783,4.828736262237846,-0.21550233724069445,-0.02189293208976978,-0.042351433378947104,27.0,0.4444444444444444,0.07435046818055753,5.957870370370371,0.542608695652174,4.023249513326249
Buy & Hold,198.4889,86.98991791304348,8.936654022786316,1.7355921164767838,0.4342347130623248,2.5373422267596366,3.6545352396034976,5.412386565319586,-0.32067039106145256,-0.038079745790020735,-0.059484910502724135,1.0,1.0,8.936654022786316,198.4889,1.0,3.008176619650869
